contractSymbol,lastTradeDate,strike,lastPrice,bid,ask,change,percentChange,volume,openInterest,impliedVolatility,inTheMoney,contractSize,currency,expiry,expiry_idx,all_expiries
ASML260918C00350000,2026-08-06 14:53:04+00:00,350.0,1376.0,1486.2,1504.8,0.0,0.0,1.0,14,2.264164495849609,True,REGULAR,USD,2026-09-18,4,2026-08-21|2026-08-28|2026-09-04|2026-09-11|2026-09-18|2026-09-25|2026-10-16|2026-11-20|2026-12-18|2027-01-15|2027-02-19|2027-03-19|2027-06-17|2027-12-17|2028-01-21|2028-06-16|2028-12-15
ASML260918C00360000,2026-08-06 14:50:00+00:00,360.0,1363.7,1476.2,1494.9,0.0,0.0,,2,2.2356001141357416,True,REGULAR,USD,2026-09-18,4,2026-08-21|2026-08-28|2026-09-04|2026-09-11|2026-09-18|2026-09-25|2026-10-16|2026-11-20|2026-12-18|2027-01-15|2027-02-19|2027-03-19|2027-06-17|2027-12-17|2028-01-21|2028-06-16|2028-12-15
ASML260918C00380000,2026-02-10 14:30:32+00:00,380.0,1062.4,0.0,0.0,0.0,0.0,,0,1.0000000000000003e-05,True,REGULAR,USD,2026-09-18,4,2026-08-21|2026-08-28|2026-09-04|2026-09-11|2026-09-18|2026-09-25|2026-10-16|2026-11-20|2026-12-18|2027-01-15|2027-02-19|2027-03-19|2027-06-17|2027-12-17|2028-01-21|2028-06-16|2028-12-15
ASML260918C00400000,2026-07-29 17:07:56+00:00,400.0,1157.0,1436.4,1455.0,0.0,0.0,3.0,3,2.1189011871337886,True,REGULAR,USD,2026-09-18,4,2026-08-21|2026-08-28|2026-09-04|2026-09-11|2026-09-18|2026-09-25|2026-10-16|2026-11-20|2026-12-18|2027-01-15|2027-02-19|2027-03-19|2027-06-17|2027-12-17|2028-01-21|2028-06-16|2028-12-15
ASML260918C00410000,2026-07-15 13:30:58+00:00,410.0,1404.0,1426.3,1445.1,0.0,0.0,2.0,2,2.0854540051269526,True,REGULAR,USD,2026-09-18,4,2026-08-21|2026-08-28|2026-09-04|2026-09-11|2026-09-18|2026-09-25|2026-10-16|2026-11-20|2026-12-18|2027-01-15|2027-02-19|2027-03-19|2027-06-17|2027-12-17|2028-01-21|2028-06-16|2028-12-15
ASML260918C00420000,2026-06-23 19:26:17+00:00,420.0,1358.0,1170.6,1187.0,0.0,0.0,1.0,2,1.0000000000000003e-05,True,REGULAR,USD,2026-09-18,4,2026-08-21|2026-08-28|2026-09-04|2026-09-11|2026-09-18|2026-09-25|2026-10-16|2026-11-20|2026-12-18|2027-01-15|2027-02-19|2027-03-19|2027-06-17|2027-12-17|2028-01-21|2028-06-16|2028-12-15
ASML260918C00430000,2026-06-11 17:28:54+00:00,430.0,1400.6,1387.7,1396.6,0.0,0.0,,1,1.0000000000000003e-05,True,REGULAR,USD,2026-09-18,4,2026-08-21|2026-08-28|2026-09-04|2026-09-11|2026-09-18|2026-09-25|2026-10-16|2026-11-20|2026-12-18|2027-01-15|2027-02-19|2027-03-19|2027-06-17|2027-12-17|2028-01-21|2028-06-16|2028-12-15
ASML260918C00440000,2025-09-16 14:19:31+00:00,440.0,454.1,587.0,601.2,0.0,0.0,1.0,0,1.0000000000000003e-05,True,REGULAR,USD,2026-09-18,4,2026-08-21|2026-08-28|2026-09-04|2026-09-11|2026-09-18|2026-09-25|2026-10-16|2026-11-20|2026-12-18|2027-01-15|2027-02-19|2027-03-19|2027-06-17|2027-12-17|2028-01-21|2028-06-16|2028-12-15
ASML260918C00450000,2026-01-16 14:30:02+00:00,450.0,914.2,978.5,990.8,0.0,0.0,1.0,1,1.0000000000000003e-05,True,REGULAR,USD,2026-09-18,4,2026-08-21|2026-08-28|2026-09-04|2026-09-11|2026-09-18|2026-09-25|2026-10-16|2026-11-20|2026-12-18|2027-01-15|2027-02-19|2027-03-19|2027-06-17|2027-12-17|2028-01-21|2028-06-16|2028-12-15
ASML260918C00460000,2025-10-06 15:45:50+00:00,460.0,610.95,554.0,571.5,0.0,0.0,1.0,1,1.0000000000000003e-05,True,REGULAR,USD,2026-09-18,4,2026-08-21|2026-08-28|2026-09-04|2026-09-11|2026-09-18|2026-09-25|2026-10-16|2026-11-20|2026-12-18|2027-01-15|2027-02-19|2027-03-19|2027-06-17|2027-12-17|2028-01-21|2028-06-16|2028-12-15
ASML260918C00470000,2026-07-15 13:30:58+00:00,470.0,1344.0,1366.7,1385.3,0.0,0.0,1.0,5,1.9423831005859378,True,REGULAR,USD,2026-09-18,4,2026-08-21|2026-08-28|2026-09-04|2026-09-11|2026-09-18|2026-09-25|2026-10-16|2026-11-20|2026-12-18|2027-01-15|2027-02-19|2027-03-19|2027-06-17|2027-12-17|2028-01-21|2028-06-16|2028-12-15
ASML260918C00480000,2026-07-15 13:30:58+00:00,480.0,1334.0,1356.8,1374.7,0.0,0.0,2.0,4,1.8793951342773436,True,REGULAR,USD,2026-09-18,4,2026-08-21|2026-08-28|2026-09-04|2026-09-11|2026-09-18|2026-09-25|2026-10-16|2026-11-20|2026-12-18|2027-01-15|2027-02-19|2027-03-19|2027-06-17|2027-12-17|2028-01-21|2028-06-16|2028-12-15
ASML260918C00490000,2026-07-15 15:34:25+00:00,490.0,1290.0,1347.7,1364.0,0.0,0.0,1.0,2,1.865235048828125,True,REGULAR,USD,2026-09-18,4,2026-08-21|2026-08-28|2026-09-04|2026-09-11|2026-09-18|2026-09-25|2026-10-16|2026-11-20|2026-12-18|2027-01-15|2027-02-19|2027-03-19|2027-06-17|2027-12-17|2028-01-21|2028-06-16|2028-12-15
ASML260918C00500000,2026-07-29 18:00:33+00:00,500.0,1076.0,1337.5,1354.9,0.0,0.0,1.0,51,1.8815923889160153,True,REGULAR,USD,2026-09-18,4,2026-08-21|2026-08-28|2026-09-04|2026-09-11|2026-09-18|2026-09-25|2026-10-16|2026-11-20|2026-12-18|2027-01-15|2027-02-19|2027-03-19|2027-06-17|2027-12-17|2028-01-21|2028-06-16|2028-12-15
ASML260918C00520000,2026-08-13 17:06:34+00:00,520.0,1351.4,1316.9,1335.5,0.0,0.0,1.0,52,1.8272713714599609,True,REGULAR,USD,2026-09-18,4,2026-08-21|2026-08-28|2026-09-04|2026-09-11|2026-09-18|2026-09-25|2026-10-16|2026-11-20|2026-12-18|2027-01-15|2027-02-19|2027-03-19|2027-06-17|2027-12-17|2028-01-21|2028-06-16|2028-12-15
ASML260918C00540000,2026-02-03 15:07:21+00:00,540.0,864.73,813.3,826.9,0.0,0.0,1.0,1,1.0000000000000003e-05,True,REGULAR,USD,2026-09-18,4,2026-08-21|2026-08-28|2026-09-04|2026-09-11|2026-09-18|2026-09-25|2026-10-16|2026-11-20|2026-12-18|2027-01-15|2027-02-19|2027-03-19|2027-06-17|2027-12-17|2028-01-21|2028-06-16|2028-12-15
ASML260918C00560000,2026-07-16 13:30:03+00:00,560.0,1250.4,1276.9,1294.2,0.0,0.0,1.0,5,1.6452654455566407,True,REGULAR,USD,2026-09-18,4,2026-08-21|2026-08-28|2026-09-04|2026-09-11|2026-09-18|2026-09-25|2026-10-16|2026-11-20|2026-12-18|2027-01-15|2027-02-19|2027-03-19|2027-06-17|2027-12-17|2028-01-21|2028-06-16|2028-12-15
ASML260918C00580000,2026-07-08 14:53:48+00:00,580.0,1181.8,1257.0,1275.5,0.0,0.0,1.0,13,1.681642216796875,True,REGULAR,USD,2026-09-18,4,2026-08-21|2026-08-28|2026-09-04|2026-09-11|2026-09-18|2026-09-25|2026-10-16|2026-11-20|2026-12-18|2027-01-15|2027-02-19|2027-03-19|2027-06-17|2027-12-17|2028-01-21|2028-06-16|2028-12-15
ASML260918C00600000,2026-06-12 13:40:48+00:00,600.0,1261.7,1219.1,1228.2,0.0,0.0,1.0,14,1.0000000000000003e-05,True,REGULAR,USD,2026-09-18,4,2026-08-21|2026-08-28|2026-09-04|2026-09-11|2026-09-18|2026-09-25|2026-10-16|2026-11-20|2026-12-18|2027-01-15|2027-02-19|2027-03-19|2027-06-17|2027-12-17|2028-01-21|2028-06-16|2028-12-15
ASML260918C00620000,2026-07-14 15:35:51+00:00,620.0,1163.0,1217.3,1235.0,0.0,0.0,1.0,14,1.579591945800781,True,REGULAR,USD,2026-09-18,4,2026-08-21|2026-08-28|2026-09-04|2026-09-11|2026-09-18|2026-09-25|2026-10-16|2026-11-20|2026-12-18|2027-01-15|2027-02-19|2027-03-19|2027-06-17|2027-12-17|2028-01-21|2028-06-16|2028-12-15
ASML260918C00640000,2026-07-14 14:34:15+00:00,640.0,1145.4,1198.1,1215.1,0.0,0.0,1.0,2,1.5777609002685546,True,REGULAR,USD,2026-09-18,4,2026-08-21|2026-08-28|2026-09-04|2026-09-11|2026-09-18|2026-09-25|2026-10-16|2026-11-20|2026-12-18|2027-01-15|2027-02-19|2027-03-19|2027-06-17|2027-12-17|2028-01-21|2028-06-16|2028-12-15
ASML260918C00650000,2026-08-11 14:06:48+00:00,650.0,1165.0,1188.1,1205.8,0.0,0.0,1.0,8,1.5848409429931636,True,REGULAR,USD,2026-09-18,4,2026-08-21|2026-08-28|2026-09-04|2026-09-11|2026-09-18|2026-09-25|2026-10-16|2026-11-20|2026-12-18|2027-01-15|2027-02-19|2027-03-19|2027-06-17|2027-12-17|2028-01-21|2028-06-16|2028-12-15
ASML260918C00660000,2026-06-22 15:34:57+00:00,660.0,1247.2,975.2,990.0,0.0,0.0,,2,1.0000000000000003e-05,True,REGULAR,USD,2026-09-18,4,2026-08-21|2026-08-28|2026-09-04|2026-09-11|2026-09-18|2026-09-25|2026-10-16|2026-11-20|2026-12-18|2027-01-15|2027-02-19|2027-03-19|2027-06-17|2027-12-17|2028-01-21|2028-06-16|2028-12-15
ASML260918C00670000,2026-07-15 13:30:58+00:00,670.0,1146.0,1168.0,1184.6,0.0,0.0,1.0,9,1.4873072509765624,True,REGULAR,USD,2026-09-18,4,2026-08-21|2026-08-28|2026-09-04|2026-09-11|2026-09-18|2026-09-25|2026-10-16|2026-11-20|2026-12-18|2027-01-15|2027-02-19|2027-03-19|2027-06-17|2027-12-17|2028-01-21|2028-06-16|2028-12-15
ASML260918C00680000,2026-08-13 13:37:40+00:00,680.0,1150.7,1158.0,1175.9,0.0,0.0,10.0,25,1.5205102099609373,True,REGULAR,USD,2026-09-18,4,2026-08-21|2026-08-28|2026-09-04|2026-09-11|2026-09-18|2026-09-25|2026-10-16|2026-11-20|2026-12-18|2027-01-15|2027-02-19|2027-03-19|2027-06-17|2027-12-17|2028-01-21|2028-06-16|2028-12-15
ASML260918C00690000,2026-04-14 13:30:11+00:00,690.0,848.05,815.8,831.6,0.0,0.0,1.0,2,1.0000000000000003e-05,True,REGULAR,USD,2026-09-18,4,2026-08-21|2026-08-28|2026-09-04|2026-09-11|2026-09-18|2026-09-25|2026-10-16|2026-11-20|2026-12-18|2027-01-15|2027-02-19|2027-03-19|2027-06-17|2027-12-17|2028-01-21|2028-06-16|2028-12-15
ASML260918C00700000,2026-07-06 13:36:28+00:00,700.0,1126.4,1138.0,1156.0,0.0,0.0,1.0,14,1.4829127416992187,True,REGULAR,USD,2026-09-18,4,2026-08-21|2026-08-28|2026-09-04|2026-09-11|2026-09-18|2026-09-25|2026-10-16|2026-11-20|2026-12-18|2027-01-15|2027-02-19|2027-03-19|2027-06-17|2027-12-17|2028-01-21|2028-06-16|2028-12-15
ASML260918C00710000,2026-08-04 13:33:02+00:00,710.0,988.7,1128.0,1146.0,0.0,0.0,10.0,5,1.4626491711425782,True,REGULAR,USD,2026-09-18,4,2026-08-21|2026-08-28|2026-09-04|2026-09-11|2026-09-18|2026-09-25|2026-10-16|2026-11-20|2026-12-18|2027-01-15|2027-02-19|2027-03-19|2027-06-17|2027-12-17|2028-01-21|2028-06-16|2028-12-15
ASML260918C00720000,2026-07-27 13:42:13+00:00,720.0,976.05,1118.0,1136.2,0.0,0.0,2.0,26,1.449709782714844,True,REGULAR,USD,2026-09-18,4,2026-08-21|2026-08-28|2026-09-04|2026-09-11|2026-09-18|2026-09-25|2026-10-16|2026-11-20|2026-12-18|2027-01-15|2027-02-19|2027-03-19|2027-06-17|2027-12-17|2028-01-21|2028-06-16|2028-12-15
ASML260918C00730000,2026-07-09 17:52:03+00:00,730.0,1107.56,1108.0,1125.1,0.0,0.0,3.0,9,1.3895294195556638,True,REGULAR,USD,2026-09-18,4,2026-08-21|2026-08-28|2026-09-04|2026-09-11|2026-09-18|2026-09-25|2026-10-16|2026-11-20|2026-12-18|2027-01-15|2027-02-19|2027-03-19|2027-06-17|2027-12-17|2028-01-21|2028-06-16|2028-12-15
ASML260918C00740000,2026-07-16 13:31:18+00:00,740.0,1078.8,1098.0,1116.2,0.0,0.0,1.0,10,1.4105254083251955,True,REGULAR,USD,2026-09-18,4,2026-08-21|2026-08-28|2026-09-04|2026-09-11|2026-09-18|2026-09-25|2026-10-16|2026-11-20|2026-12-18|2027-01-15|2027-02-19|2027-03-19|2027-06-17|2027-12-17|2028-01-21|2028-06-16|2028-12-15
ASML260918C00750000,2026-08-04 13:33:02+00:00,750.0,949.05,1088.8,1105.8,0.0,0.0,10.0,30,1.4045439929199217,True,REGULAR,USD,2026-09-18,4,2026-08-21|2026-08-28|2026-09-04|2026-09-11|2026-09-18|2026-09-25|2026-10-16|2026-11-20|2026-12-18|2027-01-15|2027-02-19|2027-03-19|2027-06-17|2027-12-17|2028-01-21|2028-06-16|2028-12-15
ASML260918C00760000,2026-07-21 18:35:13+00:00,760.0,1048.8,1078.0,1095.0,0.0,0.0,1.0,16,1.329593195800781,True,REGULAR,USD,2026-09-18,4,2026-08-21|2026-08-28|2026-09-04|2026-09-11|2026-09-18|2026-09-25|2026-10-16|2026-11-20|2026-12-18|2027-01-15|2027-02-19|2027-03-19|2027-06-17|2027-12-17|2028-01-21|2028-06-16|2028-12-15
ASML260918C00770000,2026-03-24 18:50:45+00:00,770.0,658.3,0.0,0.0,0.0,0.0,2.0,0,1.0000000000000003e-05,True,REGULAR,USD,2026-09-18,4,2026-08-21|2026-08-28|2026-09-04|2026-09-11|2026-09-18|2026-09-25|2026-10-16|2026-11-20|2026-12-18|2027-01-15|2027-02-19|2027-03-19|2027-06-17|2027-12-17|2028-01-21|2028-06-16|2028-12-15
ASML260918C00780000,2026-07-21 18:35:37+00:00,780.0,1029.45,1058.0,1076.4,0.0,0.0,1.0,11,1.3416780963134762,True,REGULAR,USD,2026-09-18,4,2026-08-21|2026-08-28|2026-09-04|2026-09-11|2026-09-18|2026-09-25|2026-10-16|2026-11-20|2026-12-18|2027-01-15|2027-02-19|2027-03-19|2027-06-17|2027-12-17|2028-01-21|2028-06-16|2028-12-15
ASML260918C00790000,2026-06-29 18:43:43+00:00,790.0,1096.2,1048.0,1066.7,0.0,0.0,5.0,23,1.3326449383544918,True,REGULAR,USD,2026-09-18,4,2026-08-21|2026-08-28|2026-09-04|2026-09-11|2026-09-18|2026-09-25|2026-10-16|2026-11-20|2026-12-18|2027-01-15|2027-02-19|2027-03-19|2027-06-17|2027-12-17|2028-01-21|2028-06-16|2028-12-15
ASML260918C00800000,2026-08-12 19:58:26+00:00,800.0,1014.1,1038.2,1056.6,0.0,0.0,1.0,65,1.3175082952880859,True,REGULAR,USD,2026-09-18,4,2026-08-21|2026-08-28|2026-09-04|2026-09-11|2026-09-18|2026-09-25|2026-10-16|2026-11-20|2026-12-18|2027-01-15|2027-02-19|2027-03-19|2027-06-17|2027-12-17|2028-01-21|2028-06-16|2028-12-15
ASML260918C00810000,2026-07-31 17:09:09+00:00,810.0,849.72,1028.1,1045.2,0.0,0.0,16.0,25,1.2515906561279297,True,REGULAR,USD,2026-09-18,4,2026-08-21|2026-08-28|2026-09-04|2026-09-11|2026-09-18|2026-09-25|2026-10-16|2026-11-20|2026-12-18|2027-01-15|2027-02-19|2027-03-19|2027-06-17|2027-12-17|2028-01-21|2028-06-16|2028-12-15
ASML260918C00820000,2026-08-06 14:09:14+00:00,820.0,905.0,1019.1,1036.6,0.0,0.0,1.0,46,1.3068882312011714,True,REGULAR,USD,2026-09-18,4,2026-08-21|2026-08-28|2026-09-04|2026-09-11|2026-09-18|2026-09-25|2026-10-16|2026-11-20|2026-12-18|2027-01-15|2027-02-19|2027-03-19|2027-06-17|2027-12-17|2028-01-21|2028-06-16|2028-12-15
ASML260918C00830000,2026-08-07 13:33:24+00:00,830.0,933.5,1008.0,1026.6,0.0,0.0,1.0,28,1.2583655245971679,True,REGULAR,USD,2026-09-18,4,2026-08-21|2026-08-28|2026-09-04|2026-09-11|2026-09-18|2026-09-25|2026-10-16|2026-11-20|2026-12-18|2027-01-15|2027-02-19|2027-03-19|2027-06-17|2027-12-17|2028-01-21|2028-06-16|2028-12-15
ASML260918C00840000,2026-07-31 15:41:29+00:00,840.0,812.1,998.3,1016.8,0.0,0.0,9.0,80,1.255252747192383,True,REGULAR,USD,2026-09-18,4,2026-08-21|2026-08-28|2026-09-04|2026-09-11|2026-09-18|2026-09-25|2026-10-16|2026-11-20|2026-12-18|2027-01-15|2027-02-19|2027-03-19|2027-06-17|2027-12-17|2028-01-21|2028-06-16|2028-12-15
ASML260918C00850000,2026-07-31 15:55:54+00:00,850.0,805.47,988.5,1006.7,0.0,0.0,5.0,105,1.2407264526367183,True,REGULAR,USD,2026-09-18,4,2026-08-21|2026-08-28|2026-09-04|2026-09-11|2026-09-18|2026-09-25|2026-10-16|2026-11-20|2026-12-18|2027-01-15|2027-02-19|2027-03-19|2027-06-17|2027-12-17|2028-01-21|2028-06-16|2028-12-15
ASML260918C00860000,2026-07-31 15:41:29+00:00,860.0,791.08,978.4,996.9,0.0,0.0,4.0,56,1.226322227783203,True,REGULAR,USD,2026-09-18,4,2026-08-21|2026-08-28|2026-09-04|2026-09-11|2026-09-18|2026-09-25|2026-10-16|2026-11-20|2026-12-18|2027-01-15|2027-02-19|2027-03-19|2027-06-17|2027-12-17|2028-01-21|2028-06-16|2028-12-15
ASML260918C00870000,2026-08-03 13:30:23+00:00,870.0,735.31,968.4,986.8,0.0,0.0,2.0,24,1.2067910754394529,True,REGULAR,USD,2026-09-18,4,2026-08-21|2026-08-28|2026-09-04|2026-09-11|2026-09-18|2026-09-25|2026-10-16|2026-11-20|2026-12-18|2027-01-15|2027-02-19|2027-03-19|2027-06-17|2027-12-17|2028-01-21|2028-06-16|2028-12-15
ASML260918C00880000,2026-07-29 14:20:51+00:00,880.0,689.08,959.0,976.9,0.0,0.0,4.0,16,1.2078286679077146,True,REGULAR,USD,2026-09-18,4,2026-08-21|2026-08-28|2026-09-04|2026-09-11|2026-09-18|2026-09-25|2026-10-16|2026-11-20|2026-12-18|2027-01-15|2027-02-19|2027-03-19|2027-06-17|2027-12-17|2028-01-21|2028-06-16|2028-12-15
ASML260918C00890000,2026-07-29 14:00:00+00:00,890.0,670.06,948.6,967.6,0.0,0.0,2.0,36,1.1983072311401366,True,REGULAR,USD,2026-09-18,4,2026-08-21|2026-08-28|2026-09-04|2026-09-11|2026-09-18|2026-09-25|2026-10-16|2026-11-20|2026-12-18|2027-01-15|2027-02-19|2027-03-19|2027-06-17|2027-12-17|2028-01-21|2028-06-16|2028-12-15
ASML260918C00900000,2026-07-31 15:41:29+00:00,900.0,751.52,938.6,957.1,0.0,0.0,5.0,39,1.1698039556884765,True,REGULAR,USD,2026-09-18,4,2026-08-21|2026-08-28|2026-09-04|2026-09-11|2026-09-18|2026-09-25|2026-10-16|2026-11-20|2026-12-18|2027-01-15|2027-02-19|2027-03-19|2027-06-17|2027-12-17|2028-01-21|2028-06-16|2028-12-15
ASML260918C00910000,2026-07-31 17:08:53+00:00,910.0,748.09,928.7,947.0,0.0,0.0,10.0,21,1.153446615600586,True,REGULAR,USD,2026-09-18,4,2026-08-21|2026-08-28|2026-09-04|2026-09-11|2026-09-18|2026-09-25|2026-10-16|2026-11-20|2026-12-18|2027-01-15|2027-02-19|2027-03-19|2027-06-17|2027-12-17|2028-01-21|2028-06-16|2028-12-15
ASML260918C00920000,2026-07-31 17:42:57+00:00,920.0,747.89,918.9,937.2,0.0,0.0,16.0,45,1.1467327819824216,True,REGULAR,USD,2026-09-18,4,2026-08-21|2026-08-28|2026-09-04|2026-09-11|2026-09-18|2026-09-25|2026-10-16|2026-11-20|2026-12-18|2027-01-15|2027-02-19|2027-03-19|2027-06-17|2027-12-17|2028-01-21|2028-06-16|2028-12-15
ASML260918C00930000,2026-07-31 17:08:53+00:00,930.0,734.88,908.7,926.1,0.0,0.0,14.0,49,1.0993697375488285,True,REGULAR,USD,2026-09-18,4,2026-08-21|2026-08-28|2026-09-04|2026-09-11|2026-09-18|2026-09-25|2026-10-16|2026-11-20|2026-12-18|2027-01-15|2027-02-19|2027-03-19|2027-06-17|2027-12-17|2028-01-21|2028-06-16|2028-12-15
ASML260918C00940000,2026-07-31 17:42:57+00:00,940.0,723.2,898.8,917.4,0.0,0.0,10.0,17,1.1170698443603515,True,REGULAR,USD,2026-09-18,4,2026-08-21|2026-08-28|2026-09-04|2026-09-11|2026-09-18|2026-09-25|2026-10-16|2026-11-20|2026-12-18|2027-01-15|2027-02-19|2027-03-19|2027-06-17|2027-12-17|2028-01-21|2028-06-16|2028-12-15
ASML260918C00950000,2026-07-31 13:30:18+00:00,950.0,737.39,888.8,907.4,0.0,0.0,4.0,39,1.1013228527832033,True,REGULAR,USD,2026-09-18,4,2026-08-21|2026-08-28|2026-09-04|2026-09-11|2026-09-18|2026-09-25|2026-10-16|2026-11-20|2026-12-18|2027-01-15|2027-02-19|2027-03-19|2027-06-17|2027-12-17|2028-01-21|2028-06-16|2028-12-15
ASML260918C00960000,2026-08-05 13:44:37+00:00,960.0,766.2,878.9,897.4,0.0,0.0,1.0,30,1.087895185546875,True,REGULAR,USD,2026-09-18,4,2026-08-21|2026-08-28|2026-09-04|2026-09-11|2026-09-18|2026-09-25|2026-10-16|2026-11-20|2026-12-18|2027-01-15|2027-02-19|2027-03-19|2027-06-17|2027-12-17|2028-01-21|2028-06-16|2028-12-15
ASML260918C00980000,2026-06-25 13:38:12+00:00,980.0,865.5,859.0,877.5,0.0,0.0,1.0,18,1.0612839904785156,True,REGULAR,USD,2026-09-18,4,2026-08-21|2026-08-28|2026-09-04|2026-09-11|2026-09-18|2026-09-25|2026-10-16|2026-11-20|2026-12-18|2027-01-15|2027-02-19|2027-03-19|2027-06-17|2027-12-17|2028-01-21|2028-06-16|2028-12-15
ASML260918C01000000,2026-08-10 13:30:02+00:00,1000.0,798.3,839.1,856.5,0.0,0.0,1.0,40,1.0120899005126953,True,REGULAR,USD,2026-09-18,4,2026-08-21|2026-08-28|2026-09-04|2026-09-11|2026-09-18|2026-09-25|2026-10-16|2026-11-20|2026-12-18|2027-01-15|2027-02-19|2027-03-19|2027-06-17|2027-12-17|2028-01-21|2028-06-16|2028-12-15
ASML260918C01020000,2026-07-30 13:30:48+00:00,1020.0,623.7,819.3,837.2,0.0,0.0,1.0,13,1.0013477667236328,True,REGULAR,USD,2026-09-18,4,2026-08-21|2026-08-28|2026-09-04|2026-09-11|2026-09-18|2026-09-25|2026-10-16|2026-11-20|2026-12-18|2027-01-15|2027-02-19|2027-03-19|2027-06-17|2027-12-17|2028-01-21|2028-06-16|2028-12-15
ASML260918C01040000,2026-07-31 16:10:35+00:00,1040.0,618.5,799.0,810.9,0.0,0.0,2.0,20,0.778322529296875,True,REGULAR,USD,2026-09-18,4,2026-08-21|2026-08-28|2026-09-04|2026-09-11|2026-09-18|2026-09-25|2026-10-16|2026-11-20|2026-12-18|2027-01-15|2027-02-19|2027-03-19|2027-06-17|2027-12-17|2028-01-21|2028-06-16|2028-12-15
ASML260918C01060000,2026-07-29 13:53:21+00:00,1060.0,510.15,779.4,797.9,0.0,0.0,1.0,39,0.9581913360595702,True,REGULAR,USD,2026-09-18,4,2026-08-21|2026-08-28|2026-09-04|2026-09-11|2026-09-18|2026-09-25|2026-10-16|2026-11-20|2026-12-18|2027-01-15|2027-02-19|2027-03-19|2027-06-17|2027-12-17|2028-01-21|2028-06-16|2028-12-15
ASML260918C01080000,2026-07-31 16:15:48+00:00,1080.0,580.24,759.6,776.8,0.0,0.0,2.0,16,0.9135750830078125,True,REGULAR,USD,2026-09-18,4,2026-08-21|2026-08-28|2026-09-04|2026-09-11|2026-09-18|2026-09-25|2026-10-16|2026-11-20|2026-12-18|2027-01-15|2027-02-19|2027-03-19|2027-06-17|2027-12-17|2028-01-21|2028-06-16|2028-12-15
ASML260918C01100000,2026-08-14 14:12:18+00:00,1100.0,746.65,739.7,755.2,127.56,20.604435,1.0,67,0.8571791625976561,True,REGULAR,USD,2026-09-18,4,2026-08-21|2026-08-28|2026-09-04|2026-09-11|2026-09-18|2026-09-25|2026-10-16|2026-11-20|2026-12-18|2027-01-15|2027-02-19|2027-03-19|2027-06-17|2027-12-17|2028-01-21|2028-06-16|2028-12-15
ASML260918C01120000,2026-07-31 16:41:35+00:00,1120.0,545.75,720.0,737.9,0.0,0.0,2.0,20,0.8838512591552734,True,REGULAR,USD,2026-09-18,4,2026-08-21|2026-08-28|2026-09-04|2026-09-11|2026-09-18|2026-09-25|2026-10-16|2026-11-20|2026-12-18|2027-01-15|2027-02-19|2027-03-19|2027-06-17|2027-12-17|2028-01-21|2028-06-16|2028-12-15
ASML260918C01140000,2026-07-31 16:26:09+00:00,1140.0,521.29,700.0,717.5,0.0,0.0,2.0,16,0.8502212243652343,True,REGULAR,USD,2026-09-18,4,2026-08-21|2026-08-28|2026-09-04|2026-09-11|2026-09-18|2026-09-25|2026-10-16|2026-11-20|2026-12-18|2027-01-15|2027-02-19|2027-03-19|2027-06-17|2027-12-17|2028-01-21|2028-06-16|2028-12-15
ASML260918C01160000,2026-08-03 13:30:20+00:00,1160.0,453.5,680.8,698.0,0.0,0.0,2.0,47,0.8428360443115235,True,REGULAR,USD,2026-09-18,4,2026-08-21|2026-08-28|2026-09-04|2026-09-11|2026-09-18|2026-09-25|2026-10-16|2026-11-20|2026-12-18|2027-01-15|2027-02-19|2027-03-19|2027-06-17|2027-12-17|2028-01-21|2028-06-16|2028-12-15
ASML260918C01180000,2026-08-03 13:30:20+00:00,1180.0,435.82,660.5,678.4,0.0,0.0,2.0,69,0.8173846386718748,True,REGULAR,USD,2026-09-18,4,2026-08-21|2026-08-28|2026-09-04|2026-09-11|2026-09-18|2026-09-25|2026-10-16|2026-11-20|2026-12-18|2027-01-15|2027-02-19|2027-03-19|2027-06-17|2027-12-17|2028-01-21|2028-06-16|2028-12-15
ASML260918C01200000,2026-08-04 13:54:49+00:00,1200.0,522.94,640.7,652.7,0.0,0.0,3.0,47,0.7000762414550781,True,REGULAR,USD,2026-09-18,4,2026-08-21|2026-08-28|2026-09-04|2026-09-11|2026-09-18|2026-09-25|2026-10-16|2026-11-20|2026-12-18|2027-01-15|2027-02-19|2027-03-19|2027-06-17|2027-12-17|2028-01-21|2028-06-16|2028-12-15
ASML260918C01220000,2026-08-04 14:10:33+00:00,1220.0,491.9,620.9,639.4,0.0,0.0,1.0,131,0.7825644302368165,True,REGULAR,USD,2026-09-18,4,2026-08-21|2026-08-28|2026-09-04|2026-09-11|2026-09-18|2026-09-25|2026-10-16|2026-11-20|2026-12-18|2027-01-15|2027-02-19|2027-03-19|2027-06-17|2027-12-17|2028-01-21|2028-06-16|2028-12-15
ASML260918C01240000,2026-07-17 18:40:18+00:00,1240.0,550.25,601.0,618.8,0.0,0.0,1.0,9,0.7502466381835937,True,REGULAR,USD,2026-09-18,4,2026-08-21|2026-08-28|2026-09-04|2026-09-11|2026-09-18|2026-09-25|2026-10-16|2026-11-20|2026-12-18|2027-01-15|2027-02-19|2027-03-19|2027-06-17|2027-12-17|2028-01-21|2028-06-16|2028-12-15
ASML260918C01260000,2026-08-06 13:32:03+00:00,1260.0,436.0,581.4,598.7,0.0,0.0,1.0,31,0.7280910980224609,True,REGULAR,USD,2026-09-18,4,2026-08-21|2026-08-28|2026-09-04|2026-09-11|2026-09-18|2026-09-25|2026-10-16|2026-11-20|2026-12-18|2027-01-15|2027-02-19|2027-03-19|2027-06-17|2027-12-17|2028-01-21|2028-06-16|2028-12-15
ASML260918C01280000,2026-07-14 13:30:01+00:00,1280.0,531.4,561.5,573.2,0.0,0.0,1.0,15,0.6298254791259765,True,REGULAR,USD,2026-09-18,4,2026-08-21|2026-08-28|2026-09-04|2026-09-11|2026-09-18|2026-09-25|2026-10-16|2026-11-20|2026-12-18|2027-01-15|2027-02-19|2027-03-19|2027-06-17|2027-12-17|2028-01-21|2028-06-16|2028-12-15
ASML260918C01300000,2026-07-24 17:12:40+00:00,1300.0,497.05,541.9,559.5,0.0,0.0,1.0,37,0.6914703704833984,True,REGULAR,USD,2026-09-18,4,2026-08-21|2026-08-28|2026-09-04|2026-09-11|2026-09-18|2026-09-25|2026-10-16|2026-11-20|2026-12-18|2027-01-15|2027-02-19|2027-03-19|2027-06-17|2027-12-17|2028-01-21|2028-06-16|2028-12-15
ASML260918C01320000,2026-07-28 16:30:00+00:00,1320.0,307.99,522.2,539.9,0.0,0.0,4.0,16,0.6732210412597659,True,REGULAR,USD,2026-09-18,4,2026-08-21|2026-08-28|2026-09-04|2026-09-11|2026-09-18|2026-09-25|2026-10-16|2026-11-20|2026-12-18|2027-01-15|2027-02-19|2027-03-19|2027-06-17|2027-12-17|2028-01-21|2028-06-16|2028-12-15
ASML260918C01340000,2026-07-28 13:38:23+00:00,1340.0,289.83,505.5,519.3,0.0,0.0,1.0,45,0.6728853512573244,True,REGULAR,USD,2026-09-18,4,2026-08-21|2026-08-28|2026-09-04|2026-09-11|2026-09-18|2026-09-25|2026-10-16|2026-11-20|2026-12-18|2027-01-15|2027-02-19|2027-03-19|2027-06-17|2027-12-17|2028-01-21|2028-06-16|2028-12-15
ASML260918C01360000,2026-07-28 13:40:21+00:00,1360.0,273.19,484.0,500.4,0.0,0.0,3.0,32,0.643832907409668,True,REGULAR,USD,2026-09-18,4,2026-08-21|2026-08-28|2026-09-04|2026-09-11|2026-09-18|2026-09-25|2026-10-16|2026-11-20|2026-12-18|2027-01-15|2027-02-19|2027-03-19|2027-06-17|2027-12-17|2028-01-21|2028-06-16|2028-12-15
ASML260918C01380000,2026-07-27 17:15:24+00:00,1380.0,307.15,464.5,478.7,0.0,0.0,4.0,26,0.6082802844238282,True,REGULAR,USD,2026-09-18,4,2026-08-21|2026-08-28|2026-09-04|2026-09-11|2026-09-18|2026-09-25|2026-10-16|2026-11-20|2026-12-18|2027-01-15|2027-02-19|2027-03-19|2027-06-17|2027-12-17|2028-01-21|2028-06-16|2028-12-15
ASML260918C01400000,2026-08-05 19:05:08+00:00,1400.0,329.53,445.0,458.9,0.0,0.0,1.0,178,0.5894206097412109,True,REGULAR,USD,2026-09-18,4,2026-08-21|2026-08-28|2026-09-04|2026-09-11|2026-09-18|2026-09-25|2026-10-16|2026-11-20|2026-12-18|2027-01-15|2027-02-19|2027-03-19|2027-06-17|2027-12-17|2028-01-21|2028-06-16|2028-12-15
ASML260918C01420000,2026-08-07 17:05:11+00:00,1420.0,337.7,427.6,439.2,0.0,0.0,2.0,57,0.5870707797241211,True,REGULAR,USD,2026-09-18,4,2026-08-21|2026-08-28|2026-09-04|2026-09-11|2026-09-18|2026-09-25|2026-10-16|2026-11-20|2026-12-18|2027-01-15|2027-02-19|2027-03-19|2027-06-17|2027-12-17|2028-01-21|2028-06-16|2028-12-15
ASML260918C01440000,2026-08-05 14:00:00+00:00,1440.0,316.1,406.5,420.0,0.0,0.0,2.0,37,0.5597578204345703,True,REGULAR,USD,2026-09-18,4,2026-08-21|2026-08-28|2026-09-04|2026-09-11|2026-09-18|2026-09-25|2026-10-16|2026-11-20|2026-12-18|2027-01-15|2027-02-19|2027-03-19|2027-06-17|2027-12-17|2028-01-21|2028-06-16|2028-12-15
ASML260918C01460000,2026-08-07 17:04:45+00:00,1460.0,303.5,387.9,403.4,0.0,0.0,2.0,79,0.5665631723022461,True,REGULAR,USD,2026-09-18,4,2026-08-21|2026-08-28|2026-09-04|2026-09-11|2026-09-18|2026-09-25|2026-10-16|2026-11-20|2026-12-18|2027-01-15|2027-02-19|2027-03-19|2027-06-17|2027-12-17|2028-01-21|2028-06-16|2028-12-15
ASML260918C01480000,2026-08-12 17:07:14+00:00,1480.0,358.9,373.0,382.1,0.0,0.0,5.0,37,0.5630842031860351,True,REGULAR,USD,2026-09-18,4,2026-08-21|2026-08-28|2026-09-04|2026-09-11|2026-09-18|2026-09-25|2026-10-16|2026-11-20|2026-12-18|2027-01-15|2027-02-19|2027-03-19|2027-06-17|2027-12-17|2028-01-21|2028-06-16|2028-12-15
ASML260918C01500000,2026-08-13 19:49:56+00:00,1500.0,368.33,350.9,363.1,0.0,0.0,1.0,263,0.5307664111328125,True,REGULAR,USD,2026-09-18,4,2026-08-21|2026-08-28|2026-09-04|2026-09-11|2026-09-18|2026-09-25|2026-10-16|2026-11-20|2026-12-18|2027-01-15|2027-02-19|2027-03-19|2027-06-17|2027-12-17|2028-01-21|2028-06-16|2028-12-15
ASML260918C01520000,2026-08-11 14:35:51+00:00,1520.0,314.92,331.3,344.8,0.0,0.0,1.0,42,0.5160265682983399,True,REGULAR,USD,2026-09-18,4,2026-08-21|2026-08-28|2026-09-04|2026-09-11|2026-09-18|2026-09-25|2026-10-16|2026-11-20|2026-12-18|2027-01-15|2027-02-19|2027-03-19|2027-06-17|2027-12-17|2028-01-21|2028-06-16|2028-12-15
ASML260918C01540000,2026-08-03 14:40:27+00:00,1540.0,189.68,313.1,325.6,0.0,0.0,1.0,56,0.5027668132019043,True,REGULAR,USD,2026-09-18,4,2026-08-21|2026-08-28|2026-09-04|2026-09-11|2026-09-18|2026-09-25|2026-10-16|2026-11-20|2026-12-18|2027-01-15|2027-02-19|2027-03-19|2027-06-17|2027-12-17|2028-01-21|2028-06-16|2028-12-15
ASML260918C01560000,2026-08-11 14:35:51+00:00,1560.0,281.57,298.9,308.4,0.0,0.0,1.0,133,0.5148058773803711,True,REGULAR,USD,2026-09-18,4,2026-08-21|2026-08-28|2026-09-04|2026-09-11|2026-09-18|2026-09-25|2026-10-16|2026-11-20|2026-12-18|2027-01-15|2027-02-19|2027-03-19|2027-06-17|2027-12-17|2028-01-21|2028-06-16|2028-12-15
ASML260918C01580000,2026-07-30 14:41:20+00:00,1580.0,196.45,280.4,290.8,0.0,0.0,4.0,50,0.5029651754760743,True,REGULAR,USD,2026-09-18,4,2026-08-21|2026-08-28|2026-09-04|2026-09-11|2026-09-18|2026-09-25|2026-10-16|2026-11-20|2026-12-18|2027-01-15|2027-02-19|2027-03-19|2027-06-17|2027-12-17|2028-01-21|2028-06-16|2028-12-15
ASML260918C01600000,2026-08-13 17:44:23+00:00,1600.0,296.0,260.0,273.4,0.0,0.0,4.0,397,0.5321244297790526,True,REGULAR,USD,2026-09-18,4,2026-08-21|2026-08-28|2026-09-04|2026-09-11|2026-09-18|2026-09-25|2026-10-16|2026-11-20|2026-12-18|2027-01-15|2027-02-19|2027-03-19|2027-06-17|2027-12-17|2028-01-21|2028-06-16|2028-12-15
ASML260918C01620000,2026-08-10 18:48:21+00:00,1620.0,192.7,243.7,258.1,0.0,0.0,30.0,68,0.5334061552429199,True,REGULAR,USD,2026-09-18,4,2026-08-21|2026-08-28|2026-09-04|2026-09-11|2026-09-18|2026-09-25|2026-10-16|2026-11-20|2026-12-18|2027-01-15|2027-02-19|2027-03-19|2027-06-17|2027-12-17|2028-01-21|2028-06-16|2028-12-15
ASML260918C01640000,2026-08-12 19:20:29+00:00,1640.0,222.0,227.0,239.3,0.0,0.0,5.0,58,0.5098620791625977,True,REGULAR,USD,2026-09-18,4,2026-08-21|2026-08-28|2026-09-04|2026-09-11|2026-09-18|2026-09-25|2026-10-16|2026-11-20|2026-12-18|2027-01-15|2027-02-19|2027-03-19|2027-06-17|2027-12-17|2028-01-21|2028-06-16|2028-12-15
ASML260918C01650000,2026-08-12 15:51:29+00:00,1650.0,223.8,219.0,231.5,13.600006,6.4700313,5.0,15,0.5076800941467285,True,REGULAR,USD,2026-09-18,4,2026-08-21|2026-08-28|2026-09-04|2026-09-11|2026-09-18|2026-09-25|2026-10-16|2026-11-20|2026-12-18|2027-01-15|2027-02-19|2027-03-19|2027-06-17|2027-12-17|2028-01-21|2028-06-16|2028-12-15
ASML260918C01660000,2026-08-13 17:42:02+00:00,1660.0,247.05,213.0,223.5,0.0,0.0,6.0,74,0.5036747020721436,True,REGULAR,USD,2026-09-18,4,2026-08-21|2026-08-28|2026-09-04|2026-09-11|2026-09-18|2026-09-25|2026-10-16|2026-11-20|2026-12-18|2027-01-15|2027-02-19|2027-03-19|2027-06-17|2027-12-17|2028-01-21|2028-06-16|2028-12-15
ASML260918C01670000,2026-08-12 13:37:29+00:00,1670.0,209.08,206.7,215.0,0.0,0.0,1.0,806,0.49623611679077156,True,REGULAR,USD,2026-09-18,4,2026-08-21|2026-08-28|2026-09-04|2026-09-11|2026-09-18|2026-09-25|2026-10-16|2026-11-20|2026-12-18|2027-01-15|2027-02-19|2027-03-19|2027-06-17|2027-12-17|2028-01-21|2028-06-16|2028-12-15
ASML260918C01680000,2026-08-14 15:45:10+00:00,1680.0,190.0,196.1,209.0,-26.300003,-12.1590395,1.0,45,0.5025531922912598,True,REGULAR,USD,2026-09-18,4,2026-08-21|2026-08-28|2026-09-04|2026-09-11|2026-09-18|2026-09-25|2026-10-16|2026-11-20|2026-12-18|2027-01-15|2027-02-19|2027-03-19|2027-06-17|2027-12-17|2028-01-21|2028-06-16|2028-12-15
ASML260918C01690000,2026-08-13 15:42:12+00:00,1690.0,211.2,188.7,200.7,0.0,0.0,2.0,44,0.49515275360107425,True,REGULAR,USD,2026-09-18,4,2026-08-21|2026-08-28|2026-09-04|2026-09-11|2026-09-18|2026-09-25|2026-10-16|2026-11-20|2026-12-18|2027-01-15|2027-02-19|2027-03-19|2027-06-17|2027-12-17|2028-01-21|2028-06-16|2028-12-15
ASML260918C01700000,2026-08-14 19:31:47+00:00,1700.0,174.8,181.3,194.2,-40.160004,-18.682547,2.0,586,0.49704482452392584,True,REGULAR,USD,2026-09-18,4,2026-08-21|2026-08-28|2026-09-04|2026-09-11|2026-09-18|2026-09-25|2026-10-16|2026-11-20|2026-12-18|2027-01-15|2027-02-19|2027-03-19|2027-06-17|2027-12-17|2028-01-21|2028-06-16|2028-12-15
ASML260918C01710000,2026-08-14 15:42:45+00:00,1710.0,168.6,176.0,188.2,-25.799988,-13.271599,2.0,34,0.5007374145507812,True,REGULAR,USD,2026-09-18,4,2026-08-21|2026-08-28|2026-09-04|2026-09-11|2026-09-18|2026-09-25|2026-10-16|2026-11-20|2026-12-18|2027-01-15|2027-02-19|2027-03-19|2027-06-17|2027-12-17|2028-01-21|2028-06-16|2028-12-15
ASML260918C01720000,2026-08-13 15:42:03+00:00,1720.0,189.2,169.7,179.3,0.0,0.0,2.0,97,0.4886449451446534,True,REGULAR,USD,2026-09-18,4,2026-08-21|2026-08-28|2026-09-04|2026-09-11|2026-09-18|2026-09-25|2026-10-16|2026-11-20|2026-12-18|2027-01-15|2027-02-19|2027-03-19|2027-06-17|2027-12-17|2028-01-21|2028-06-16|2028-12-15
ASML260918C01730000,2026-08-13 19:50:17+00:00,1730.0,178.19,162.7,175.1,0.0,0.0,3.0,55,0.5000126293182373,True,REGULAR,USD,2026-09-18,4,2026-08-21|2026-08-28|2026-09-04|2026-09-11|2026-09-18|2026-09-25|2026-10-16|2026-11-20|2026-12-18|2027-01-15|2027-02-19|2027-03-19|2027-06-17|2027-12-17|2028-01-21|2028-06-16|2028-12-15
ASML260918C01740000,2026-08-14 14:38:37+00:00,1740.0,158.05,156.6,165.1,-30.419998,-16.1405,1.0,109,0.48151153259277346,True,REGULAR,USD,2026-09-18,4,2026-08-21|2026-08-28|2026-09-04|2026-09-11|2026-09-18|2026-09-25|2026-10-16|2026-11-20|2026-12-18|2027-01-15|2027-02-19|2027-03-19|2027-06-17|2027-12-17|2028-01-21|2028-06-16|2028-12-15
ASML260918C01750000,2026-08-14 19:34:20+00:00,1750.0,141.0,149.9,159.4,-36.199997,-20.428892,2.0,68,0.48389187988281257,True,REGULAR,USD,2026-09-18,4,2026-08-21|2026-08-28|2026-09-04|2026-09-11|2026-09-18|2026-09-25|2026-10-16|2026-11-20|2026-12-18|2027-01-15|2027-02-19|2027-03-19|2027-06-17|2027-12-17|2028-01-21|2028-06-16|2028-12-15
ASML260918C01760000,2026-08-14 13:48:08+00:00,1760.0,158.3,143.1,152.0,-3.699997,-2.2839487,1.0,138,0.4773154075622559,True,REGULAR,USD,2026-09-18,4,2026-08-21|2026-08-28|2026-09-04|2026-09-11|2026-09-18|2026-09-25|2026-10-16|2026-11-20|2026-12-18|2027-01-15|2027-02-19|2027-03-19|2027-06-17|2027-12-17|2028-01-21|2028-06-16|2028-12-15
ASML260918C01770000,2026-08-12 13:41:22+00:00,1770.0,140.97,137.2,145.4,0.0,0.0,1.0,47,0.47400428344726564,True,REGULAR,USD,2026-09-18,4,2026-08-21|2026-08-28|2026-09-04|2026-09-11|2026-09-18|2026-09-25|2026-10-16|2026-11-20|2026-12-18|2027-01-15|2027-02-19|2027-03-19|2027-06-17|2027-12-17|2028-01-21|2028-06-16|2028-12-15
ASML260918C01780000,2026-08-13 19:05:27+00:00,1780.0,158.44,131.5,142.3,0.0,0.0,21.0,379,0.48644770149230965,True,REGULAR,USD,2026-09-18,4,2026-08-21|2026-08-28|2026-09-04|2026-09-11|2026-09-18|2026-09-25|2026-10-16|2026-11-20|2026-12-18|2027-01-15|2027-02-19|2027-03-19|2027-06-17|2027-12-17|2028-01-21|2028-06-16|2028-12-15
ASML260918C01790000,2026-08-11 19:39:56+00:00,1790.0,112.3,122.1,135.3,0.0,0.0,22.0,26,0.47986359985351557,True,REGULAR,USD,2026-09-18,4,2026-08-21|2026-08-28|2026-09-04|2026-09-11|2026-09-18|2026-09-25|2026-10-16|2026-11-20|2026-12-18|2027-01-15|2027-02-19|2027-03-19|2027-06-17|2027-12-17|2028-01-21|2028-06-16|2028-12-15
ASML260918C01800000,2026-08-14 19:59:52+00:00,1800.0,125.2,123.0,127.9,-22.699997,-15.3482065,10.0,812,0.4708915216064453,True,REGULAR,USD,2026-09-18,4,2026-08-21|2026-08-28|2026-09-04|2026-09-11|2026-09-18|2026-09-25|2026-10-16|2026-11-20|2026-12-18|2027-01-15|2027-02-19|2027-03-19|2027-06-17|2027-12-17|2028-01-21|2028-06-16|2028-12-15
ASML260918C01810000,2026-08-14 17:24:50+00:00,1810.0,108.6,113.2,124.8,-31.400002,-22.428572,7.0,42,0.48093170440673827,True,REGULAR,USD,2026-09-18,4,2026-08-21|2026-08-28|2026-09-04|2026-09-11|2026-09-18|2026-09-25|2026-10-16|2026-11-20|2026-12-18|2027-01-15|2027-02-19|2027-03-19|2027-06-17|2027-12-17|2028-01-21|2028-06-16|2028-12-15
ASML260918C01820000,2026-08-14 19:31:04+00:00,1820.0,103.8,108.0,119.0,-20.659996,-16.599707,15.0,184,0.47794864097595213,True,REGULAR,USD,2026-09-18,4,2026-08-21|2026-08-28|2026-09-04|2026-09-11|2026-09-18|2026-09-25|2026-10-16|2026-11-20|2026-12-18|2027-01-15|2027-02-19|2027-03-19|2027-06-17|2027-12-17|2028-01-21|2028-06-16|2028-12-15
ASML260918C01830000,2026-08-14 19:33:26+00:00,1830.0,98.48,100.0,113.3,-21.32,-17.796328,13.0,68,0.47477484458923336,True,REGULAR,USD,2026-09-18,4,2026-08-21|2026-08-28|2026-09-04|2026-09-11|2026-09-18|2026-09-25|2026-10-16|2026-11-20|2026-12-18|2027-01-15|2027-02-19|2027-03-19|2027-06-17|2027-12-17|2028-01-21|2028-06-16|2028-12-15
ASML260918C01840000,2026-08-14 19:03:35+00:00,1840.0,93.0,97.7,108.0,-23.449997,-20.137396,19.0,104,0.4727530752563477,True,REGULAR,USD,2026-09-18,4,2026-08-21|2026-08-28|2026-09-04|2026-09-11|2026-09-18|2026-09-25|2026-10-16|2026-11-20|2026-12-18|2027-01-15|2027-02-19|2027-03-19|2027-06-17|2027-12-17|2028-01-21|2028-06-16|2028-12-15
ASML260918C01850000,2026-08-14 19:24:46+00:00,1850.0,89.7,90.0,103.8,-30.950005,-25.652718,12.0,56,0.4749732068634033,False,REGULAR,USD,2026-09-18,4,2026-08-21|2026-08-28|2026-09-04|2026-09-11|2026-09-18|2026-09-25|2026-10-16|2026-11-20|2026-12-18|2027-01-15|2027-02-19|2027-03-19|2027-06-17|2027-12-17|2028-01-21|2028-06-16|2028-12-15
ASML260918C01860000,2026-08-14 18:15:05+00:00,1860.0,84.4,86.2,98.7,-20.599998,-19.619045,9.0,145,0.4725241957092285,False,REGULAR,USD,2026-09-18,4,2026-08-21|2026-08-28|2026-09-04|2026-09-11|2026-09-18|2026-09-25|2026-10-16|2026-11-20|2026-12-18|2027-01-15|2027-02-19|2027-03-19|2027-06-17|2027-12-17|2028-01-21|2028-06-16|2028-12-15
ASML260918C01870000,2026-08-14 16:26:28+00:00,1870.0,83.8,80.5,94.8,-26.61,-24.101076,3.0,61,0.4747672152709961,False,REGULAR,USD,2026-09-18,4,2026-08-21|2026-08-28|2026-09-04|2026-09-11|2026-09-18|2026-09-25|2026-10-16|2026-11-20|2026-12-18|2027-01-15|2027-02-19|2027-03-19|2027-06-17|2027-12-17|2028-01-21|2028-06-16|2028-12-15
ASML260918C01880000,2026-08-14 16:40:32+00:00,1880.0,79.7,76.2,88.3,-17.200005,-17.750261,11.0,179,0.46475754974365235,False,REGULAR,USD,2026-09-18,4,2026-08-21|2026-08-28|2026-09-04|2026-09-11|2026-09-18|2026-09-25|2026-10-16|2026-11-20|2026-12-18|2027-01-15|2027-02-19|2027-03-19|2027-06-17|2027-12-17|2028-01-21|2028-06-16|2028-12-15
ASML260918C01890000,2026-08-14 15:59:05+00:00,1890.0,75.0,74.1,84.3,-25.199997,-25.149696,3.0,19,0.4652381967926026,False,REGULAR,USD,2026-09-18,4,2026-08-21|2026-08-28|2026-09-04|2026-09-11|2026-09-18|2026-09-25|2026-10-16|2026-11-20|2026-12-18|2027-01-15|2027-02-19|2027-03-19|2027-06-17|2027-12-17|2028-01-21|2028-06-16|2028-12-15
ASML260918C01900000,2026-08-14 19:24:01+00:00,1900.0,69.35,68.0,82.5,-19.650002,-22.078653,25.0,383,0.474965577545166,False,REGULAR,USD,2026-09-18,4,2026-08-21|2026-08-28|2026-09-04|2026-09-11|2026-09-18|2026-09-25|2026-10-16|2026-11-20|2026-12-18|2027-01-15|2027-02-19|2027-03-19|2027-06-17|2027-12-17|2028-01-21|2028-06-16|2028-12-15
ASML260918C01910000,2026-08-14 19:23:48+00:00,1910.0,66.11,64.1,75.8,-24.909996,-27.367607,8.0,25,0.46201099517822275,False,REGULAR,USD,2026-09-18,4,2026-08-21|2026-08-28|2026-09-04|2026-09-11|2026-09-18|2026-09-25|2026-10-16|2026-11-20|2026-12-18|2027-01-15|2027-02-19|2027-03-19|2027-06-17|2027-12-17|2028-01-21|2028-06-16|2028-12-15
ASML260918C01920000,2026-08-14 18:59:54+00:00,1920.0,60.9,60.4,73.7,-22.799995,-27.240139,3.0,147,0.46919018363952636,False,REGULAR,USD,2026-09-18,4,2026-08-21|2026-08-28|2026-09-04|2026-09-11|2026-09-18|2026-09-25|2026-10-16|2026-11-20|2026-12-18|2027-01-15|2027-02-19|2027-03-19|2027-06-17|2027-12-17|2028-01-21|2028-06-16|2028-12-15
ASML260918C01930000,2026-08-14 18:41:58+00:00,1930.0,57.91,56.9,67.5,-9.59,-14.207408,5.0,35,0.4570137917327881,False,REGULAR,USD,2026-09-18,4,2026-08-21|2026-08-28|2026-09-04|2026-09-11|2026-09-18|2026-09-25|2026-10-16|2026-11-20|2026-12-18|2027-01-15|2027-02-19|2027-03-19|2027-06-17|2027-12-17|2028-01-21|2028-06-16|2028-12-15
ASML260918C01940000,2026-08-14 18:41:58+00:00,1940.0,54.79,53.5,63.3,-26.36,-32.483055,8.0,72,0.45325253784179687,False,REGULAR,USD,2026-09-18,4,2026-08-21|2026-08-28|2026-09-04|2026-09-11|2026-09-18|2026-09-25|2026-10-16|2026-11-20|2026-12-18|2027-01-15|2027-02-19|2027-03-19|2027-06-17|2027-12-17|2028-01-21|2028-06-16|2028-12-15
ASML260918C01960000,2026-08-14 17:08:40+00:00,1960.0,51.1,47.1,59.2,-22.370003,-30.447805,15.0,148,0.46404039382934575,False,REGULAR,USD,2026-09-18,4,2026-08-21|2026-08-28|2026-09-04|2026-09-11|2026-09-18|2026-09-25|2026-10-16|2026-11-20|2026-12-18|2027-01-15|2027-02-19|2027-03-19|2027-06-17|2027-12-17|2028-01-21|2028-06-16|2028-12-15
ASML260918C01980000,2026-08-14 18:31:29+00:00,1980.0,43.58,41.6,53.1,-22.04,-33.587322,6.0,162,0.4631248756408692,False,REGULAR,USD,2026-09-18,4,2026-08-21|2026-08-28|2026-09-04|2026-09-11|2026-09-18|2026-09-25|2026-10-16|2026-11-20|2026-12-18|2027-01-15|2027-02-19|2027-03-19|2027-06-17|2027-12-17|2028-01-21|2028-06-16|2028-12-15
ASML260918C02000000,2026-08-14 19:03:35+00:00,2000.0,39.0,38.0,46.0,-13.59,-25.841415,33.0,432,0.45461818580627444,False,REGULAR,USD,2026-09-18,4,2026-08-21|2026-08-28|2026-09-04|2026-09-11|2026-09-18|2026-09-25|2026-10-16|2026-11-20|2026-12-18|2027-01-15|2027-02-19|2027-03-19|2027-06-17|2027-12-17|2028-01-21|2028-06-16|2028-12-15
ASML260918C02020000,2026-08-14 19:20:41+00:00,2020.0,34.65,33.1,41.9,-15.75,-31.25,12.0,120,0.4588524574279786,False,REGULAR,USD,2026-09-18,4,2026-08-21|2026-08-28|2026-09-04|2026-09-11|2026-09-18|2026-09-25|2026-10-16|2026-11-20|2026-12-18|2027-01-15|2027-02-19|2027-03-19|2027-06-17|2027-12-17|2028-01-21|2028-06-16|2028-12-15
ASML260918C02040000,2026-08-14 19:13:14+00:00,2040.0,30.9,29.7,40.8,-19.15,-38.261738,4.0,171,0.4773764421081543,False,REGULAR,USD,2026-09-18,4,2026-08-21|2026-08-28|2026-09-04|2026-09-11|2026-09-18|2026-09-25|2026-10-16|2026-11-20|2026-12-18|2027-01-15|2027-02-19|2027-03-19|2027-06-17|2027-12-17|2028-01-21|2028-06-16|2028-12-15
ASML260918C02060000,2026-08-14 18:01:09+00:00,2060.0,27.92,23.3,35.6,-12.08,-30.199999,7.0,89,0.4719596261596679,False,REGULAR,USD,2026-09-18,4,2026-08-21|2026-08-28|2026-09-04|2026-09-11|2026-09-18|2026-09-25|2026-10-16|2026-11-20|2026-12-18|2027-01-15|2027-02-19|2027-03-19|2027-06-17|2027-12-17|2028-01-21|2028-06-16|2028-12-15
ASML260918C02080000,2026-08-13 18:18:52+00:00,2080.0,39.6,20.7,30.7,0.0,0.0,8.0,129,0.4654899642944337,False,REGULAR,USD,2026-09-18,4,2026-08-21|2026-08-28|2026-09-04|2026-09-11|2026-09-18|2026-09-25|2026-10-16|2026-11-20|2026-12-18|2027-01-15|2027-02-19|2027-03-19|2027-06-17|2027-12-17|2028-01-21|2028-06-16|2028-12-15
ASML260918C02100000,2026-08-14 18:59:52+00:00,2100.0,22.28,20.3,29.0,-14.17,-38.87517,15.0,295,0.47626256164550784,False,REGULAR,USD,2026-09-18,4,2026-08-21|2026-08-28|2026-09-04|2026-09-11|2026-09-18|2026-09-25|2026-10-16|2026-11-20|2026-12-18|2027-01-15|2027-02-19|2027-03-19|2027-06-17|2027-12-17|2028-01-21|2028-06-16|2028-12-15
ASML260918C02120000,2026-08-14 19:15:52+00:00,2120.0,19.15,18.1,23.9,-12.65,-39.779873,1.0,175,0.4634147897338867,False,REGULAR,USD,2026-09-18,4,2026-08-21|2026-08-28|2026-09-04|2026-09-11|2026-09-18|2026-09-25|2026-10-16|2026-11-20|2026-12-18|2027-01-15|2027-02-19|2027-03-19|2027-06-17|2027-12-17|2028-01-21|2028-06-16|2028-12-15
ASML260918C02140000,2026-08-14 19:40:08+00:00,2140.0,16.83,14.9,23.0,-11.82,-41.256542,6.0,42,0.47661351028442384,False,REGULAR,USD,2026-09-18,4,2026-08-21|2026-08-28|2026-09-04|2026-09-11|2026-09-18|2026-09-25|2026-10-16|2026-11-20|2026-12-18|2027-01-15|2027-02-19|2027-03-19|2027-06-17|2027-12-17|2028-01-21|2028-06-16|2028-12-15
ASML260918C02160000,2026-08-14 16:08:57+00:00,2160.0,16.04,13.1,22.4,-9.48,-37.147335,1.0,90,0.49121602539062503,False,REGULAR,USD,2026-09-18,4,2026-08-21|2026-08-28|2026-09-04|2026-09-11|2026-09-18|2026-09-25|2026-10-16|2026-11-20|2026-12-18|2027-01-15|2027-02-19|2027-03-19|2027-06-17|2027-12-17|2028-01-21|2028-06-16|2028-12-15
ASML260918C02180000,2026-08-13 17:53:43+00:00,2180.0,22.62,9.8,19.2,0.0,0.0,75.0,280,0.48550929534912113,False,REGULAR,USD,2026-09-18,4,2026-08-21|2026-08-28|2026-09-04|2026-09-11|2026-09-18|2026-09-25|2026-10-16|2026-11-20|2026-12-18|2027-01-15|2027-02-19|2027-03-19|2027-06-17|2027-12-17|2028-01-21|2028-06-16|2028-12-15
ASML260918C02200000,2026-08-14 19:57:32+00:00,2200.0,13.65,10.8,16.5,-3.6499996,-21.098265,21.0,348,0.481099549407959,False,REGULAR,USD,2026-09-18,4,2026-08-21|2026-08-28|2026-09-04|2026-09-11|2026-09-18|2026-09-25|2026-10-16|2026-11-20|2026-12-18|2027-01-15|2027-02-19|2027-03-19|2027-06-17|2027-12-17|2028-01-21|2028-06-16|2028-12-15
ASML260918C02220000,2026-08-14 19:57:32+00:00,2220.0,12.25,9.4,15.1,-6.7299995,-35.458378,6.0,250,0.4857229162597656,False,REGULAR,USD,2026-09-18,4,2026-08-21|2026-08-28|2026-09-04|2026-09-11|2026-09-18|2026-09-25|2026-10-16|2026-11-20|2026-12-18|2027-01-15|2027-02-19|2027-03-19|2027-06-17|2027-12-17|2028-01-21|2028-06-16|2028-12-15
ASML260918C02240000,2026-08-12 17:34:42+00:00,2240.0,11.1,8.4,13.8,0.0,0.0,3.0,175,0.49002585174560553,False,REGULAR,USD,2026-09-18,4,2026-08-21|2026-08-28|2026-09-04|2026-09-11|2026-09-18|2026-09-25|2026-10-16|2026-11-20|2026-12-18|2027-01-15|2027-02-19|2027-03-19|2027-06-17|2027-12-17|2028-01-21|2028-06-16|2028-12-15
ASML260918C02260000,2026-08-13 16:04:22+00:00,2260.0,12.22,6.8,12.9,0.0,0.0,2.0,156,0.49706008316040046,False,REGULAR,USD,2026-09-18,4,2026-08-21|2026-08-28|2026-09-04|2026-09-11|2026-09-18|2026-09-25|2026-10-16|2026-11-20|2026-12-18|2027-01-15|2027-02-19|2027-03-19|2027-06-17|2027-12-17|2028-01-21|2028-06-16|2028-12-15
ASML260918C02280000,2026-08-13 19:38:22+00:00,2280.0,11.0,6.2,10.9,0.0,0.0,1.0,111,0.4914754222106934,False,REGULAR,USD,2026-09-18,4,2026-08-21|2026-08-28|2026-09-04|2026-09-11|2026-09-18|2026-09-25|2026-10-16|2026-11-20|2026-12-18|2027-01-15|2027-02-19|2027-03-19|2027-06-17|2027-12-17|2028-01-21|2028-06-16|2028-12-15
ASML260918C02300000,2026-08-14 15:13:50+00:00,2300.0,7.2,5.9,9.4,-3.3000002,-31.428572,2.0,181,0.48895774719238294,False,REGULAR,USD,2026-09-18,4,2026-08-21|2026-08-28|2026-09-04|2026-09-11|2026-09-18|2026-09-25|2026-10-16|2026-11-20|2026-12-18|2027-01-15|2027-02-19|2027-03-19|2027-06-17|2027-12-17|2028-01-21|2028-06-16|2028-12-15
ASML260918C02320000,2026-08-14 16:19:38+00:00,2320.0,6.4,5.2,8.3,-0.6999998,-9.859152,6.0,88,0.489384989013672,False,REGULAR,USD,2026-09-18,4,2026-08-21|2026-08-28|2026-09-04|2026-09-11|2026-09-18|2026-09-25|2026-10-16|2026-11-20|2026-12-18|2027-01-15|2027-02-19|2027-03-19|2027-06-17|2027-12-17|2028-01-21|2028-06-16|2028-12-15
ASML260918C02340000,2026-08-14 17:24:59+00:00,2340.0,5.2,4.5,10.1,-2.5,-32.467533,2.0,72,0.5257310610961915,False,REGULAR,USD,2026-09-18,4,2026-08-21|2026-08-28|2026-09-04|2026-09-11|2026-09-18|2026-09-25|2026-10-16|2026-11-20|2026-12-18|2027-01-15|2027-02-19|2027-03-19|2027-06-17|2027-12-17|2028-01-21|2028-06-16|2028-12-15
ASML260918C02360000,2026-08-11 14:31:20+00:00,2360.0,6.9,3.9,14.7,0.0,0.0,10.0,91,0.5297593411254884,False,REGULAR,USD,2026-09-18,4,2026-08-21|2026-08-28|2026-09-04|2026-09-11|2026-09-18|2026-09-25|2026-10-16|2026-11-20|2026-12-18|2027-01-15|2027-02-19|2027-03-19|2027-06-17|2027-12-17|2028-01-21|2028-06-16|2028-12-15
ASML260918C02380000,2026-08-13 15:20:40+00:00,2380.0,6.0,3.3,10.4,0.0,0.0,4.0,172,0.5093432855224609,False,REGULAR,USD,2026-09-18,4,2026-08-21|2026-08-28|2026-09-04|2026-09-11|2026-09-18|2026-09-25|2026-10-16|2026-11-20|2026-12-18|2027-01-15|2027-02-19|2027-03-19|2027-06-17|2027-12-17|2028-01-21|2028-06-16|2028-12-15
ASML260918C02400000,2026-08-14 18:37:37+00:00,2400.0,4.3,0.75,12.5,-1.5799999,-26.870745,60.0,31,0.518681571044922,False,REGULAR,USD,2026-09-18,4,2026-08-21|2026-08-28|2026-09-04|2026-09-11|2026-09-18|2026-09-25|2026-10-16|2026-11-20|2026-12-18|2027-01-15|2027-02-19|2027-03-19|2027-06-17|2027-12-17|2028-01-21|2028-06-16|2028-12-15
ASML260918C02420000,2026-08-14 15:27:26+00:00,2420.0,3.75,0.0,12.1,-1.5300002,-28.977276,4.0,28,0.5219469192504882,False,REGULAR,USD,2026-09-18,4,2026-08-21|2026-08-28|2026-09-04|2026-09-11|2026-09-18|2026-09-25|2026-10-16|2026-11-20|2026-12-18|2027-01-15|2027-02-19|2027-03-19|2027-06-17|2027-12-17|2028-01-21|2028-06-16|2028-12-15
ASML260918C02440000,2026-08-14 15:34:25+00:00,2440.0,3.1,0.0,9.6,-1.1500001,-27.058825,25.0,57,0.5116320809936524,False,REGULAR,USD,2026-09-18,4,2026-08-21|2026-08-28|2026-09-04|2026-09-11|2026-09-18|2026-09-25|2026-10-16|2026-11-20|2026-12-18|2027-01-15|2027-02-19|2027-03-19|2027-06-17|2027-12-17|2028-01-21|2028-06-16|2028-12-15
ASML260918C02460000,2026-08-14 14:30:29+00:00,2460.0,3.3,0.0,4.6,-0.1500001,-4.347829,2.0,21,0.5194750201416016,False,REGULAR,USD,2026-09-18,4,2026-08-21|2026-08-28|2026-09-04|2026-09-11|2026-09-18|2026-09-25|2026-10-16|2026-11-20|2026-12-18|2027-01-15|2027-02-19|2027-03-19|2027-06-17|2027-12-17|2028-01-21|2028-06-16|2028-12-15
ASML260918C02480000,2026-08-14 15:33:29+00:00,2480.0,2.6,0.0,4.3,-2.6,-50.0,9.0,13,0.5247850256347657,False,REGULAR,USD,2026-09-18,4,2026-08-21|2026-08-28|2026-09-04|2026-09-11|2026-09-18|2026-09-25|2026-10-16|2026-11-20|2026-12-18|2027-01-15|2027-02-19|2027-03-19|2027-06-17|2027-12-17|2028-01-21|2028-06-16|2028-12-15
ASML260918C02500000,2026-08-14 15:34:09+00:00,2500.0,2.5,0.05,8.3,-1.5,-37.5,6.0,41,0.5334519311523438,False,REGULAR,USD,2026-09-18,4,2026-08-21|2026-08-28|2026-09-04|2026-09-11|2026-09-18|2026-09-25|2026-10-16|2026-11-20|2026-12-18|2027-01-15|2027-02-19|2027-03-19|2027-06-17|2027-12-17|2028-01-21|2028-06-16|2028-12-15
ASML260918C02520000,2026-08-14 19:17:06+00:00,2520.0,2.0,1.2,6.7,-1.5999999,-44.444443,34.0,27,0.5394943511962893,False,REGULAR,USD,2026-09-18,4,2026-08-21|2026-08-28|2026-09-04|2026-09-11|2026-09-18|2026-09-25|2026-10-16|2026-11-20|2026-12-18|2027-01-15|2027-02-19|2027-03-19|2027-06-17|2027-12-17|2028-01-21|2028-06-16|2028-12-15
ASML260918C02540000,2026-08-14 15:40:37+00:00,2540.0,2.12,0.05,11.0,-0.93000007,-30.491806,7.0,17,0.5836833624267577,False,REGULAR,USD,2026-09-18,4,2026-08-21|2026-08-28|2026-09-04|2026-09-11|2026-09-18|2026-09-25|2026-10-16|2026-11-20|2026-12-18|2027-01-15|2027-02-19|2027-03-19|2027-06-17|2027-12-17|2028-01-21|2028-06-16|2028-12-15
ASML260918C02550000,2026-08-14 15:53:37+00:00,2550.0,1.88,0.8,7.2,-0.21999991,-10.476187,22.0,18,0.5571028176879884,False,REGULAR,USD,2026-09-18,4,2026-08-21|2026-08-28|2026-09-04|2026-09-11|2026-09-18|2026-09-25|2026-10-16|2026-11-20|2026-12-18|2027-01-15|2027-02-19|2027-03-19|2027-06-17|2027-12-17|2028-01-21|2028-06-16|2028-12-15
ASML260918C02560000,2026-08-14 17:00:20+00:00,2560.0,1.75,0.05,5.8,-1.25,-41.666664,12.0,27,0.5347336566162109,False,REGULAR,USD,2026-09-18,4,2026-08-21|2026-08-28|2026-09-04|2026-09-11|2026-09-18|2026-09-25|2026-10-16|2026-11-20|2026-12-18|2027-01-15|2027-02-19|2027-03-19|2027-06-17|2027-12-17|2028-01-21|2028-06-16|2028-12-15
ASML260918C02580000,2026-08-14 19:45:34+00:00,2580.0,1.45,0.8,3.9,-1.19,-45.07576,26.0,25,0.5272874420166016,False,REGULAR,USD,2026-09-18,4,2026-08-21|2026-08-28|2026-09-04|2026-09-11|2026-09-18|2026-09-25|2026-10-16|2026-11-20|2026-12-18|2027-01-15|2027-02-19|2027-03-19|2027-06-17|2027-12-17|2028-01-21|2028-06-16|2028-12-15
ASML260918C02600000,2026-08-14 19:18:04+00:00,2600.0,1.48,0.65,3.9,-0.47000003,-24.102566,34.0,41,0.5347336566162109,False,REGULAR,USD,2026-09-18,4,2026-08-21|2026-08-28|2026-09-04|2026-09-11|2026-09-18|2026-09-25|2026-10-16|2026-11-20|2026-12-18|2027-01-15|2027-02-19|2027-03-19|2027-06-17|2027-12-17|2028-01-21|2028-06-16|2028-12-15
ASML260918C02620000,2026-08-14 19:52:28+00:00,2620.0,1.2,0.55,3.0,-0.95000005,-44.186047,12.0,28,0.5257005438232423,False,REGULAR,USD,2026-09-18,4,2026-08-21|2026-08-28|2026-09-04|2026-09-11|2026-09-18|2026-09-25|2026-10-16|2026-11-20|2026-12-18|2027-01-15|2027-02-19|2027-03-19|2027-06-17|2027-12-17|2028-01-21|2028-06-16|2028-12-15
ASML260918C02640000,2026-08-14 14:22:27+00:00,2640.0,1.45,0.3,6.3,-0.39999998,-21.62162,8.0,44,0.5863688824462892,False,REGULAR,USD,2026-09-18,4,2026-08-21|2026-08-28|2026-09-04|2026-09-11|2026-09-18|2026-09-25|2026-10-16|2026-11-20|2026-12-18|2027-01-15|2027-02-19|2027-03-19|2027-06-17|2027-12-17|2028-01-21|2028-06-16|2028-12-15
ASML260918C02650000,2026-08-14 14:18:26+00:00,2650.0,1.4,0.45,2.2,-0.25,-15.151516,2.0,5,0.5191698474121094,False,REGULAR,USD,2026-09-18,4,2026-08-21|2026-08-28|2026-09-04|2026-09-11|2026-09-18|2026-09-25|2026-10-16|2026-11-20|2026-12-18|2027-01-15|2027-02-19|2027-03-19|2027-06-17|2027-12-17|2028-01-21|2028-06-16|2028-12-15
ASML260918C02660000,2026-08-14 14:16:54+00:00,2660.0,1.35,0.2,2.95,-0.100000024,-6.896553,4.0,59,0.5358933129882812,False,REGULAR,USD,2026-09-18,4,2026-08-21|2026-08-28|2026-09-04|2026-09-11|2026-09-18|2026-09-25|2026-10-16|2026-11-20|2026-12-18|2027-01-15|2027-02-19|2027-03-19|2027-06-17|2027-12-17|2028-01-21|2028-06-16|2028-12-15
ASML260918C02680000,2026-08-14 14:31:41+00:00,2680.0,1.23,0.3,5.8,-0.41999996,-25.454542,2.0,60,0.5990640679931643,False,REGULAR,USD,2026-09-18,4,2026-08-21|2026-08-28|2026-09-04|2026-09-11|2026-09-18|2026-09-25|2026-10-16|2026-11-20|2026-12-18|2027-01-15|2027-02-19|2027-03-19|2027-06-17|2027-12-17|2028-01-21|2028-06-16|2028-12-15
ASML260918C02700000,2026-08-14 19:38:53+00:00,2700.0,0.85,0.0,1.6,-0.6,-41.37931,6.0,294,0.5091601818847658,False,REGULAR,USD,2026-09-18,4,2026-08-21|2026-08-28|2026-09-04|2026-09-11|2026-09-18|2026-09-25|2026-10-16|2026-11-20|2026-12-18|2027-01-15|2027-02-19|2027-03-19|2027-06-17|2027-12-17|2028-01-21|2028-06-16|2028-12-15
ASML260918C02720000,2026-08-13 17:21:36+00:00,2720.0,1.37,0.0,5.5,0.0,0.0,7.0,31,0.608951664428711,False,REGULAR,USD,2026-09-18,4,2026-08-21|2026-08-28|2026-09-04|2026-09-11|2026-09-18|2026-09-25|2026-10-16|2026-11-20|2026-12-18|2027-01-15|2027-02-19|2027-03-19|2027-06-17|2027-12-17|2028-01-21|2028-06-16|2028-12-15
ASML260918C02740000,2026-08-13 18:23:56+00:00,2740.0,1.2,0.1,10.5,0.0,0.0,29.0,39,0.6860077786254883,False,REGULAR,USD,2026-09-18,4,2026-08-21|2026-08-28|2026-09-04|2026-09-11|2026-09-18|2026-09-25|2026-10-16|2026-11-20|2026-12-18|2027-01-15|2027-02-19|2027-03-19|2027-06-17|2027-12-17|2028-01-21|2028-06-16|2028-12-15
ASML260918C02760000,2026-08-14 14:41:56+00:00,2760.0,0.7,0.05,1.1,-0.19999999,-22.222221,4.0,27,0.514653291015625,False,REGULAR,USD,2026-09-18,4,2026-08-21|2026-08-28|2026-09-04|2026-09-11|2026-09-18|2026-09-25|2026-10-16|2026-11-20|2026-12-18|2027-01-15|2027-02-19|2027-03-19|2027-06-17|2027-12-17|2028-01-21|2028-06-16|2028-12-15
ASML260918C02800000,2026-08-11 15:15:05+00:00,2800.0,1.07,0.0,1.15,0.0,0.0,1.0,58,0.5306443420410156,False,REGULAR,USD,2026-09-18,4,2026-08-21|2026-08-28|2026-09-04|2026-09-11|2026-09-18|2026-09-25|2026-10-16|2026-11-20|2026-12-18|2027-01-15|2027-02-19|2027-03-19|2027-06-17|2027-12-17|2028-01-21|2028-06-16|2028-12-15
ASML260918C02900000,2026-08-12 16:03:03+00:00,2900.0,0.7,0.0,0.8,0.0,0.0,3.0,129,0.5481002221679689,False,REGULAR,USD,2026-09-18,4,2026-08-21|2026-08-28|2026-09-04|2026-09-11|2026-09-18|2026-09-25|2026-10-16|2026-11-20|2026-12-18|2027-01-15|2027-02-19|2027-03-19|2027-06-17|2027-12-17|2028-01-21|2028-06-16|2028-12-15
